{
  "avg_latency_ms": 2799.9802589416504,
  "total_wall_ms": 3404.4442176818848,
  "individual": [
    322.9939937591553,
    3034.0468883514404,
    3034.4011783599854,
    3033.998727798462,
    3034.3549251556396,
    3033.93816947937,
    3034.316062927246,
    3033.977746963501,
    3403.7959575653076,
    3033.9789390563965
  ]
}