{
  "avg_latency_ms": 2244.6006059646606,
  "total_wall_ms": 2783.259153366089,
  "individual": [
    416.54276847839355,
    2405.781030654907,
    2406.0940742492676,
    2405.8849811553955,
    2405.9929847717285,
    2405.8001041412354,
    2405.895948410034,
    2405.775308609009,
    2782.5050354003906,
    2405.733823776245
  ]
}