{
  "cold_ms": 757.4288845062256,
  "warm_ms": 1.100778579711914,
  "speedup": 688.0846870262075
}