{
  "cold_ms": 646.1818218231201,
  "warm_ms": 0.9229183197021484,
  "speedup": 646.1818218231201
}